sample_ID,concentration,year,family,subfamily,genus,species,sp_abbr,individuals,identified_by,comments,ID_issues
22-11002,5,2022,Formicidae,Formicinae,Lasius ,niger,L. niger,1,Nelma,,
22-11002,10,2022,Formicidae,Formicinae,Lasius ,platythorax,L. platythorax,2,Nelma,"2 whole ants + 1 head, very different from Lasius=> probably from a fight with another ant, not counted as an individual.",
22-11002,40,2022,Formicidae,Formicinae,Lasius ,niger,L. niger,37,Nelma,"petri dish got swept off, 12 ants were found on the floor, but total number matches the amount counted for this sample previously",
22-11004,10,2022,Formicidae,Formicinae,Lasius ,niger,L. niger,2,Nelma,,
22-11008,10,2022,Formicidae,Myrmicinae,Myrmica,species 1,Myrmica sp 1,3,Nelma,"3 ants + 1 beetle in tube. Seifert key: 1b angular scape, 3b? 6b?","seems to be the same species across exp 22-11008, written as species 1"
22-11006,10,2022,non-ant,,,,,1,Nelma,"1 weird gray body, not an ant",
22-11008,20,2022,Formicidae,Formicinae,Formica ,rufibarbis,F. rufibarbis,1,Nelma,also 1 beetle in the tube,
22-11008,20,2022,Formicidae,Myrmicinae,Myrmica ,species 1,Myrmica sp 1,1,Nelma,"Myrmica: seifert key 1b scape w/ strong curvature/angle, 3b? slight caudal carina visible from top view, 6b? post-petiole wider, long hairs, rugose pronotum ?","seems to be the same species across exp 22-11008, written as species 1"
22-11008,40,2022,Formicidae,Myrmicinae,Myrmica,species 1,Myrmica sp 1,2,Nelma,"Also 1 sort of fly w/ very long antennae in the tube. Seifert key: 1b angular base of scape, 3b? caudal carina? not sure but looks like same species as 22-11008-20","seems to be the same species across exp 22-11008, written as species 1"
22-11010,20,2022,Formicidae,Formicinae,Lasius ,niger,L. niger,1,Nelma,,
22-11011,0,2022,Formicidae,Formicinae,Lasius ,niger,L. niger,2,Nelma,,
22-11011,5,2022,Formicidae,Formicinae,Lasius ,niger,L. niger,1,Nelma,,
22-11011,10,2022,Formicidae,Formicinae,Lasius ,niger,L. niger,13,Nelma,,
22-11011,20,2022,Formicidae,Myrmicinae,Myrmica ,species 2,Myrmica sp 2,47,Nelma,,"no information on what the ant looked like, assigned as species 2"
22-11011,40,2022,Formicidae,Formicinae,Lasius ,niger,L. niger,7,Nelma,,
22-11011,40,2022,Formicidae,Formicinae,Formica ,rufibarbis,F. rufibarbis,1,Nelma,,
22-11012,0,2022,Formicidae,Myrmicinae,Tetramorium,,Tetramorium sp,71,Nelma,,
22-11012,5,2022,Formicidae,Myrmicinae,Tetramorium,,Tetramorium sp,8,Nelma,,
22-11012,10,2022,Formicidae,Myrmicinae,Tetramorium,,Tetramorium sp,19,Nelma,,
22-11019,5,2022,Formicidae,Formicinae,Lasius ,niger,L. niger,1,Nelma,,
22-11019,10,2022,Formicidae,Formicinae,Lasius ,niger,L. niger,8,Nelma,,
22-11019,20,2022,Formicidae,Formicinae,Lasius ,niger,L. niger,38,Nelma,,
22-11019,40,2022,Formicidae,Formicinae,Lasius ,niger,L. niger,12,Nelma,,
22-11021,10,2022,Formicidae,Formicinae,Formica ,rufibarbis,F. rufibarbis,1,Nelma,,
22-11021,20,2022,Formicidae,Formicinae,Formica ,rufibarbis,F. rufibarbis,2,Nelma,,
22-11022,5,2022,Formicidae,Formicinae,Lasius ,niger,L. niger,4,Nelma,,
22-11022,10,2022,Formicidae,Formicinae,Lasius ,niger,L. niger,46,Nelma,"40 whole ants, 3 w/ gaster detached, 1 w/ gaster missing, 2 w/ head missing",
22-11022,20,2022,Formicidae,Formicinae,Lasius ,niger,L. niger,110,Nelma,"4 ants w/ gaster detached, 1 ant w/ head detached, 2 ants w/ gaster missing",
22-11022,40,2022,Formicidae,Formicinae,Lasius ,niger,L. niger,146,Nelma,"138 whole ants, 1 w/ head detached, 5 w/ gaster detached, 2 w/ head missing, 1 gaster alone (hiwi recount: lone gaster not counted, 146 instead of 147)",
22-11023,5,2022,Formicidae,Formicinae,Lasius ,niger,L. niger,2,Nelma,,
22-11023,10,2022,Formicidae,Formicinae,Lasius ,niger,L. niger,13,Nelma,,
22-11023,20,2022,Formicidae,Formicinae,Lasius ,niger,L. niger,24,Nelma,,
22-11023,40,2022,Formicidae,Formicinae,Lasius ,niger,L. niger,29,Nelma,,
22-11024,5,2022,Formicidae,Myrmicinae,Tetramorium ,,Tetramorium sp,32,Nelma,"1 ant w/ gaster detached, 1 ant w/ head detached",
22-11024,10,2022,Formicidae,Myrmicinae,Tetramorium,,Tetramorium sp,1,Nelma,"looks like tetramorium (angular pronotum, deep set antenna) but head is a bit crushed, hard to identify",
22-11024,40,2022,Formicidae,Formicinae,Lasius ,niger,L. niger,1,Nelma,,
22-11024,40,2022,Formicidae,Formicinae,Formica ,clara,F. clara,1,Nelma,"mesosoma red, not hairy, no dark patches, genae reddish",
22-11024,40,2022,Formicidae,Myrmicinae,Tetramorium,,Tetramorium sp,11,Nelma,1 ant w/o gaster,
22-11025,20,2022,Formicidae,Formicinae,Lasius ,niger,L. niger,1,Nelma,,
22-11025,0,2022,non-ant,,,,,1,Nelma,"winged insect, not an ant",
22-11025,40,2022,Formicidae,Formicinae,Lasius ,niger,L. niger,1,Nelma,ant w/ gaster detached,
22-11026,10,2022,Formicidae,Myrmicinae,Myrmica ,rubra,M. rubra,4,Nelma,"scape lightly angled at base, shiny frontal triangle, shorter spines, smooth space between spines",
22-11026,20,2022,Formicidae,Myrmicinae,Myrmica ,rubra,M. rubra,6,Nelma,1 ant looks like M. rubra but funiculus = only 10 segments,
22-11026,40,2022,Formicidae,Myrmicinae,Myrmica ,rubra,M. rubra,5,Nelma,,
22-11027,40,2022,Formicidae,Formicinae,Lasius ,niger,L. niger,12,Nelma,,
22-11030,0,2022,Formicidae,Myrmicinae,Temnothorax ,parvulus,Temnothorax sp,1,Nelma,Has dark band on 1st gaster segment,
22-11030,10,2022,Formicidae,Myrmicinae,Temnothorax ,parvulus,Temnothorax sp,1,Nelma,,
22-11030,20,2022,Formicidae,Myrmicinae,Temnothorax ,parvulus,Temnothorax sp,1,Nelma,“1” on 20% sticker.,
22-11030,10,2022,non-ant,,,,,1,Nelma,"1 yellow dried husk, strange shape, could be a very dry, crumpled mesosoma?",
22-11030,20,2022,Formicidae,Myrmicinae,Temnothorax ,nylanderi,Temnothorax sp,2,Nelma,"2 larger ants with darker sternite, could be nylanderi",
22-11030,40,2022,Formicidae,Myrmicinae,Temnothorax ,parvulus,Temnothorax sp,4,Nelma,,
22-11030,40,2022,Formicidae,Myrmicinae,Temnothorax ,,Temnothorax sp,1,Nelma,"1 darker, brown Temnothorax, could not identify.",
22-11034,20,2022,Formicidae,Myrmicinae,Myrmica ,ruginodis,M. ruginodis,2,Nelma,"Myrmica, looks smaller than rubra, could be M. ruginodis or M. bergi ?","bergi not found in germany, assigned ruginodis (did not re-identify the ant)"
22-11034,40,2022,Formicidae,Formicinae,Lasius ,niger,L. niger,16,Nelma,,
22-11034,40,2022,Formicidae,Myrmicinae,Myrmica ,ruginodis,M. ruginodis,5,Nelma,looks like the same species as 22-11034-20,"22-11034-20 hesitated between ruginodis and bergi, bergi not found in germany, assigned ruginodis (did not re-identify the ant)"
22-11041,5,2022,Formicidae,Formicinae,Lasius ,alienus,L. alienus,1,Nelma,"hairs laying down on scape, not sticking out, 8-toothed mandibles",
22-11041,10,2022,Formicidae,Formicinae,Lasius ,niger,L. niger,9,Nelma,"needs to be checked if its not L. alienus, others in same exp were re-checked and found to be L. alienus",
22-11041,20,2022,Formicidae,Formicinae,Lasius ,niger,L. niger,1,Nelma,"needs to be checked if its not L. alienus, others in same exp were re-checked and found to be L. alienus",
22-11041,40,2022,Formicidae,Formicinae,Lasius ,niger,L. niger,1,Nelma,"needs to be checked if its not L. alienus, others in same exp were re-checked and found to be L. alienus",
22-11048,5,2022,Formicidae,Formicinae,Lasius ,emarginatus,L. emarginatus,1,Nelma,,
22-11052,0,2022,Formicidae,Formicinae,Formica ,clara,F. clara,2,Nelma,"looks like F. clara, but that species is not in Delachaux, need the Seifert book",
22-11052,10,2022,Formicidae,Myrmicinae,Tetramorium,,Tetramorium sp,32,Nelma,,
22-11052,20,2022,Formicidae,Myrmicinae,Tetramorium,,Tetramorium sp,10,Nelma,,
22-11052,40,2022,Formicidae,Myrmicinae,Tetramorium,,Tetramorium sp,425,Nelma,"some ants were very dark, almost black, some much lighter, brownish-yellow => I tried to separate them in 2 tubes. 4 ants w/ head detached, 3 w/ gaster detached, 2 w/ head missing, 5 w/ gaster missing",
22-11052,40,2022,Formicidae,Formicinae,Lasius ,flavus or myops,L. flavus,1,Nelma,"subgenus Cautolasius, there are 2 species in Germany, flavius OR myops, no key for it in Delachaux",
22-11056,20,2022,Formicidae,Myrmicinae,Tetramorium ,,Tetramorium sp,1,Nelma,,
22-11058,40,2022,Formicidae,Myrmicinae,Tetramorium,,Tetramorium sp,21,Nelma,,
22-11060,40,2022,Formicidae,Formicinae,Lasius ,emarginatus,L. emarginatus,28,Nelma,"Lasius, reddish mesosoma but not super red, face square-ish and distance between scape base and clypeus a bit longer => confirmed by Julie",
22-11067,0,2022,Formicidae,Formicinae,Lasius ,niger,L. niger,2,Nelma,,
22-11067,5,2022,Formicidae,Formicinae,Lasius ,niger,L. niger,9,Nelma,,
22-11067,20,2022,Formicidae,Myrmicinae,Tetramorium,,Tetramorium sp,12,Nelma,,
22-11067,40,2022,Formicidae,Formicinae,Lasius ,niger,L. niger,16,Nelma,,
22-11068,5,2022,Formicidae,Formicinae,Lasius ,niger,L. niger,10,Nelma,,
22-11068,10,2022,Formicidae,Formicinae,Lasius ,niger,L. niger,12,Nelma,1 ant with a head of another ant stuck to its leg (head not counted as individual),
22-11068,40,2022,Formicidae,Formicinae,Lasius ,niger,L. niger,1,Nelma,,
22-11071,40,2022,Formicidae,Formicinae,Lasius ,niger,L. niger,1,Nelma,,
22-11072,10,2022,Formicidae,Formicinae,Lasius ,niger,L. niger,3,Nelma,,
22-11072,40,2022,Formicidae,Formicinae,Lasius ,niger,L. niger,3,Nelma,"1 decapitated ant, no head, looks like Lasius w/ brown mesosoma, considered also L.niger",
22-11076,0,2022,Formicidae,Formicinae,Lasius ,niger,L. niger,1,Nelma,,
22-11076,5,2022,Formicidae,Formicinae,Lasius ,niger,L. niger,1,Nelma,"slightly caved-in head, ant small, e.g. smaller than 22-11086-40 => still L. niger",
22-11076,10,2022,Formicidae,Formicinae,Lasius ,niger,L. niger,1,Nelma,,
22-11076,20,2022,Formicidae,Formicinae,Lasius ,niger,L. niger,1,Nelma,,
22-11076,40,2022,Formicidae,Formicinae,Lasius ,niger,L. niger,1,Nelma,,
22-11079,5,2022,Formicidae,Formicinae,Lasius ,niger,L. niger,1,Nelma,,
22-11079,10,2022,Formicidae,Formicinae,Lasius ,niger,L. niger,1,Nelma,,
22-11079,20,2022,Formicidae,Formicinae,Lasius ,niger,L. niger,3,Nelma,,
22-11079,40,2022,Formicidae,Formicinae,Lasius ,niger,L. niger,4,Nelma,"could be platythorax ? not super hairy clypeus, long hair on pronotum, 1 decapitated body, Lasius, also considered L. niger",
22-11080,0,2022,Formicidae,Formicinae,Formica ,cinerea,F. cinerea,1,Nelma,,
22-11080,5,2022,Formicidae,Formicinae,Formica ,cinerea,F. cinerea,3,Nelma,,
22-11080,5,2022,Formicidae,Myrmicinae,Tetramorium,,Tetramorium sp,2,Nelma,,
22-11080,10,2022,Formicidae,Myrmicinae,Tetramorium ,,Tetramorium sp,89,Nelma,"87 whole ants, 2 ants w/ gaster detached",
22-11080,20,2022,Formicidae,Myrmicinae,Tetramorium,,Tetramorium sp,235,Nelma,"1 ant w/ head detached, 1 w/ gaster detached. Possibly +1 ant w/ head detached, was not noticed right away, hidden in tissue paper. Recount by HiWis: 231 whole ants, 4 bodies and 3 heads",
22-11080,40,2022,Formicidae,Formicinae,Formica,cinerea,F. cinerea,1,Nelma,,
22-11080,40,2022,Formicidae,Myrmicinae,Tetramorium,,Tetramorium sp,176,Nelma,"6 ants w/ gaster detached. 1 gaster alone (Myrmicinae), not counted as 1 individual",
22-11086,5,2022,Formicidae,Formicinae,Lasius ,niger,L. niger,5,Nelma,,
22-11086,20,2022,Formicidae,Formicinae,Lasius ,niger,L. niger,6,Nelma,,
22-11086,40,2022,Formicidae,Formicinae,Lasius ,niger,L. niger,1,Nelma,,
22-11090,40,2022,Formicidae,Formicinae,Formica ,fusca,F. fusca,4,Nelma,"caudal contour of head not hairy, mesosoma not red",
22-11090,40,2022,Formicidae,Formicinae,Formica ,cunicularia,F. cunicularia,1,Nelma,1 ant w/ some red on mesosoma,
22-11091,0,2022,Formicidae,Formicinae,Lasius ,niger,L. niger,1,Nelma,,
22-11091,5,2022,Formicidae,Formicinae,Lasius ,niger,L. niger,3,Nelma,"1 ant w/o head, also Lasius, counted as L. niger",
22-11091,10,2022,Formicidae,Formicinae,Lasius ,niger,L. niger,39,Nelma,"2 ants w/ gaster detached, 1 w/ gaster missing",
22-11091,20,2022,Formicidae,Formicinae,Lasius ,niger,L. niger,45,Nelma,,
22-11091,40,2022,Formicidae,Formicinae,Lasius,niger,L. niger,127,Nelma,"2 ants w/ head detached, 1 w/ head missing, 5 w/ gaster detached, 1 w/ gaster missing",
22-11094,10,2022,Formicidae,Formicinae,Lasius ,niger,L. niger,2,Nelma,,
22-11094,10,2022,Formicidae,Myrmicinae,Tetramorium,,Tetramorium sp,2,Nelma,,
22-11094,20,2022,Formicidae,Formicinae,Lasius ,niger,L. niger,33,Nelma,"3 bodies in 2 parts, 29 whole ants, 1 body with no head, considered L. niger",
22-11094,40,2022,Formicidae,Formicinae,Lasius ,niger,L. niger,30,Nelma,,
23-11181,5,2023,Formicidae,Formicinae,Lasius,niger,L. niger,1,Nelma,,
23-11181,10,2023,Formicidae,Formicinae,Lasius,niger,L. niger,52,Nelma,,
23-11181,20,2023,Formicidae,Formicinae,Lasius,niger,L. niger,74,Nelma,,
23-11181,40,2023,Formicidae,Formicinae,Lasius,niger,L. niger,20,Nelma,,
23-11182,5,2023,Formicidae,Formicinae,Lasius,niger,L. niger,26,Nelma,,
23-11182,10,2023,Formicidae,Formicinae,Lasius,niger,L. niger,155,Nelma,"3 bodies w/ gaster detached but present, 2 bodies w/o gaster",
23-11182,10,2023,Formicidae,Formicinae,Formica ,clara,F. clara,1,Nelma,,
23-11182,20,2023,Formicidae,Formicinae,Lasius,niger,L. niger,38,Nelma,,
23-11182,40,2023,Formicidae,Formicinae,Lasius,niger,L. niger,65,Nelma,"1 ant w/ detached gaster, 3 dismembered bodies, no heads, considered L. niger. Recount by Hiwis: 61 full ants, 4 bodys and 2 heads, 65 instead of 66",
23-11183,10,2023,Formicidae,Formicinae,Lasius,niger,L. niger,1,Nelma,,
23-11183,20,2023,Formicidae,Formicinae,Lasius,niger,L. niger,6,Nelma,5 whole ants + 1 ant w/o gaster,
23-11183,40,2023,Formicidae,Formicinae,Lasius,niger,L. niger,1,Nelma,"1 ant, gaster detached from body but present in tube",
23-11185,20,2023,Formicidae,Formicinae,Lasius,niger,L. niger,6,Nelma,,
23-11185,40,2023,Formicidae,Formicinae,Lasius,niger,L. niger,3,Nelma,,
23-11185,40,2023,Formicidae,Myrmicinae,Myrmica ,rugulosa,M. rugulosa,116,Nelma,,
23-22001,0,2023,Formicidae,Myrmicinae,Myrmecina ,graminicola,M. graminicola,4,Nelma,,
23-22001,5,2023,Formicidae,Myrmicinae,Myrmecina ,graminicola,M. graminicola,1,Nelma,,
23-22001,10,2023,Formicidae,Myrmicinae,Myrmica ,specioides,M. specioides,1,Nelma,,
23-22001,10,2023,Formicidae,Formicinae,Lasius ,emarginatus,L. emarginatus,1,Nelma,mesosoma lighter than rest of body but more yellow than red,
23-22001,40,2023,Formicidae,Formicinae,Lasius ,emarginatus,L. emarginatus,2,Nelma,mesosoma not the same color as body but also more yellowish than red,
23-22002,0,2023,Formicidae,Formicinae,Lasius ,emarginatus,L. emarginatus,6,Nelma,,
23-22003,40,2023,Formicidae,Formicinae,Lasius,niger,L. niger,1,Nelma,,
23-22007,10,2023,Formicidae,Myrmicinae,Tetramorium ,,Tetramorium sp,13,Nelma,"12 whole ants, 1 mesosoma + head also tetramorium. hiwi recount: 13 instead of 14",
23-22007,10,2023,Formicidae,Formicinae,Lasius,niger,L. niger,1,Nelma,looks like L. niger but not long maxillary palps,
23-22007,20,2023,Formicidae,Myrmicinae,Tetramorium ,,Tetramorium sp,3,Nelma,,
23-22007,20,2023,Formicidae,Formicinae,Lasius,niger,L. niger,2,Nelma,,
23-22007,40,2023,Formicidae,Formicinae,Lasius,niger,L. niger,6,Nelma,"4 whole ants, 1 ant w/o gaster, 1 ant w/ head detached, 1 crushed head alone not counted, 1 non-ant, headless gray body, discarded ",
23-22007,40,2023,Formicidae,Myrmicinae,Tetramorium ,,Tetramorium sp,2,Nelma,"1 decapitated ant, no head",
23-22021,20,2023,Formicidae,Myrmicinae,Temnothorax ,parvulus,Temnothorax sp,1,Nelma,Head of ant got detached from body,
23-22021,40,2023,Formicidae,Formicinae,Lasius,niger,L. niger,1,Nelma,,
23-22022,5,2023,Formicidae,Formicinae,Lasius,niger,L. niger,1,Nelma,,
23-22022,40,2023,Formicidae,Formicinae,Lasius,niger,L. niger,2,Nelma,,
23-22029,5,2023,Formicidae,Formicinae,Lasius,niger,L. niger,1,Nelma,,
23-22029,10,2023,Formicidae,Formicinae,Lasius,niger,L. niger,1,Nelma,,
23-22033,5,2023,Formicidae,Dolichoderinae,Tapinoma ,erraticum,T. erraticum,2,Nelma,"1 full body, 1 body without abdomen. no hairs protruding from clypeal excision, head very lightly concave, clypeal excision is deep",
23-22033,10,2023,Formicidae,Dolichoderinae,Tapinoma ,erraticum,T. erraticum,1,Nelma,,
23-22033,20,2023,Formicidae,Dolichoderinae,Tapinoma ,erraticum,T. erraticum,3,Nelma,"1 whole body, 1 body w/o gaster, 1 head + 1 thorax, all look like the same sp.",
23-22033,40,2023,Formicidae,Dolichoderinae,Tapinoma ,erraticum,T. erraticum,2,Nelma,"1 full ant, 1 ant with detached gaster ",
23-22042,5,2023,Formicidae,Formicinae,Formica ,rufibarbis,F. rufibarbis,1,Nelma,,
23-22042,20,2023,Formicidae,Formicinae,Formica ,rufibarbis,F. rufibarbis,2,Nelma,,
23-22042,40,2023,Formicidae,Formicinae,Formica ,rufibarbis,F. rufibarbis,7,Nelma,"1 ind. had less red on mesosoma, other criteria ok. 2 decapitated heads + 2 bodies, look like Formica. 1 body clearly rufibarbis, but 1 w/ less hairy pronotum, could be F. clara ? => all F. rufibarbis",
23-22045,5,2023,Formicidae,Formicinae,Lasius,niger,L. niger,1,Nelma,,
23-22045,10,2023,Formicidae,Formicinae,Lasius ,niger,L. niger,1,Nelma,,
23-22046,5,2023,Formicidae,Formicinae,,,Formicinae sp,1,Nelma,"1 dismembered body (head + gaster + pronotum or 1 segment of mesosoma), all crushed, can’t identify down to genus. Since all major body parts are present, I am keeping it as one individual. Since no other ants were found on the experiment, I cannot make an educated guess as to the genus or species",
23-22049,40,2023,Formicidae,Formicinae,Lasius,niger,L. niger,1,Nelma,,
23-22050,40,2023,Formicidae,Myrmicinae,Tetramorium,,Tetramorium sp,4,Nelma,"Was not able to identify down to species level, need a microscope",
23-22052,5,2023,Formicidae,Formicinae,Lasius,niger,L. niger,1,Nelma,,
23-22052,10,2023,Formicidae,Formicinae,Lasius,niger,L. niger,1,Nelma,,
23-22052,20,2023,Formicidae,Formicinae,Lasius,niger,L. niger,12,Nelma,"1 decapitated body, no head, also considered L. niger",
23-22052,40,2023,Formicidae,Formicinae,Lasius,niger,L. niger,43,Nelma,"1 ant w/ detached head, 2 ants w/o gaster",
23-22058,5,2023,Formicidae,Formicinae,Lasius ,platythorax,L. platythorax,1,Nelma,,
23-22058,10,2023,Formicidae,Formicinae,Lasius ,platythorax,L. platythorax,1,Nelma,L. platythorax: clypeus not very hairy ,
23-22058,20,2023,Formicidae,Myrmicinae,Myrmica ,rubra,M. rubra,1,Nelma,,
23-22058,40,2023,Formicidae,Myrmicinae,Myrmica ,rubra,M. rubra,1,Nelma,,
23-22063,10,2023,Formicidae,Formicinae,Lasius,niger,L. niger,1,Nelma,,
23-22063,40,2023,Formicidae,Formicinae,Lasius,niger,L. niger,4,Nelma,,
23-22066,10,2023,Formicidae,Formicinae,Lasius ,emarginatus,L. emarginatus,4,Nelma,,
23-22067,0,2023,Formicidae,Formicinae,Lasius,niger,L. niger,1,Nelma,,
23-22069,5,2023,Formicidae,Formicinae,Lasius,niger,L. niger,1,Nelma,,
23-22069,10,2023,Formicidae,Formicinae,Lasius,niger,L. niger,1,Nelma,,
23-22069,20,2023,Formicidae,Formicinae,Lasius,niger,L. niger,2,Nelma,"2 ants + 1 weird head, not an ant",
23-22069,40,2023,Formicidae,Formicinae,Lasius,niger,L. niger,2,Nelma,,
23-22075,0,2023,Formicidae,Formicinae,Lasius,niger,L. niger,1,Nelma,,
23-22075,5,2023,Formicidae,Formicinae,Lasius,niger,L. niger,1,Nelma,also potentially L. platythorax ?,
23-22075,10,2023,Formicidae,Myrmicinae,Temnothorax ,nylanderi,Temnothorax sp,1,Nelma,"Temnothorax certain, nylanderi = most likely",
23-22075,20,2023,Formicidae,Formicinae,Lasius,niger,L. niger,1,Nelma,,
23-22075,40,2023,Formicidae,Myrmicinae,Myrmica,species 3,Myrmica sp 3,1,Nelma,could be M. lobicornis or M. schencki ?,"both lobicornis and schencki are found in Germany, cannot know which it is without re-identifying, assigned as species 3"
23-22076,0,2023,Formicidae,Formicinae,Formica ,cinerea,F. cinerea,1,Nelma,,
23-22076,40,2023,Formicidae,Formicinae,Formica ,cinerea,F. cinerea,1,Nelma,,
23-22085,40,2023,Formicidae,Formicinae,Lasius,niger,L. niger,3,Nelma,,
23-22089,5,2023,Formicidae,Formicinae,Lasius,niger,L. niger,12,Nelma,,
23-22089,10,2023,Formicidae,Formicinae,Lasius,niger,L. niger,21,Nelma,,
23-22089,20,2023,Formicidae,Formicinae,Lasius,niger,L. niger,43,Nelma,,
23-22089,40,2023,Formicidae,Formicinae,Lasius,niger,L. niger,65,Nelma,"1 ant w/ gaster detached, 1 w/ head detached",
24-11001,5,2024,Formicidae,Dolichoderinae,Tapinoma,erraticum,T. erraticum,2,Lara & Caro,,
24-11001,10,2024,Formicidae,Dolichoderinae,Tapinoma,erraticum,T. erraticum,5,Lara & Caro,,
24-11001,20,2024,Formicidae,Dolichoderinae,Tapinoma,erraticum,T. erraticum,30,Lara & Caro,,
24-11001,40,2024,Formicidae,Dolichoderinae,Tapinoma,erraticum,T. erraticum,2,Lara & Caro,,
24-11002,5,2024,Formicidae,Dolichoderinae,Tapinoma,erraticum,T. erraticum,5,Lara & Caro,,
24-11002,10,2024,Formicidae,Dolichoderinae,Tapinoma,erraticum,T. erraticum,4,Lara & Caro,,
24-11002,20,2024,Formicidae,Dolichoderinae,Tapinoma,erraticum,T. erraticum,1,Lara & Caro,,
24-11002,40,2024,Formicidae,Dolichoderinae,Tapinoma,erraticum,T. erraticum,8,Lara & Caro,,
24-11006,40,2024,Formicidae,Formicinae,Lasius,niger,L. niger,1,Lara & Caro,,
24-11007,20,2024,Formicidae,Formicinae,Lasius,niger,L. niger,1,Lara & Caro,,
24-11007,20,2024,Formicidae,Myrmicinae,Temnothorax,parvulus,Temnothorax sp,1,Lara & Caro,,
24-11007,40,2024,Formicidae,Myrmicinae,Temnothorax,parvulus,Temnothorax sp,1,Lara & Caro,,
24-11008,5,2024,Formicidae,Myrmicinae,Temnothorax,parvulus,Temnothorax sp,1,Lara & Caro,,
24-11008,10,2024,Formicidae,Formicinae,Lasius,niger,L. niger,1,Lara & Caro,,
24-11008,40,2024,Formicidae,Formicinae,Lasius,niger,L. niger,1,Lara & Caro,,
24-11009,10,2024,Formicidae,Formicinae,Lasius,niger,L. niger,2,Lara & Caro,,
24-11009,40,2024,Formicidae,Formicinae,Lasius,niger,L. niger,1,Lara & Caro,,
24-11010,10,2024,Formicidae,Formicinae,Lasius,niger,L. niger,1,Lara & Caro,,
24-11010,40,2024,Formicidae,Formicinae,Lasius,niger,L. niger,4,Lara & Caro,,
24-11011,10,2024,Formicidae,Formicinae,Lasius,niger,L. niger,1,Lara & Caro,,
24-11011,20,2024,Formicidae,Formicinae,Lasius,niger,L. niger,2,Lara & Caro,,
24-11011,40,2024,Formicidae,Formicinae,Lasius,niger,L. niger,6,Lara & Caro,,
24-11011,40,2024,Formicidae,Formicinae,Formica,rufibarbis,F. rufibarbis,2,Lara & Caro,,
24-11012,10,2024,Formicidae,Formicinae,Lasius,niger,L. niger,1,Lara & Caro,,
24-11012,20,2024,Formicidae,Formicinae,Lasius,niger,L. niger,2,Lara & Caro,,
24-11012,20,2024,Formicidae,Myrmicinae,Tetramorium,,Tetramorium sp,1,Lara & Caro,,
24-11012,40,2024,Formicidae,Formicinae,Lasius,niger,L. niger,7,Lara & Caro,,
24-11013,10,2024,Formicidae,Formicinae,Formica,rufibarbis,F. rufibarbis,1,Lara & Caro,,
24-11013,20,2024,Formicidae,Formicinae,Lasius,niger,L. niger,11,Lara & Caro,,
24-11014,10,2024,Formicidae,Formicinae,Formica,rufibarbis,F. rufibarbis,1,Lara & Caro,,
24-11015,40,2024,Formicidae,Myrmicinae,Temnothorax,nylanderi,Temnothorax sp,3,Lara & Caro,"Re-checked by Julie and corrected to Temnothorax. Best guess is nylanderi, but could also be crassispinus",
24-11017,0,2024,Formicidae,Myrmicinae,Temnothorax,parvulus,Temnothorax sp,1,Lara & Caro,,
24-11017,5,2024,Formicidae,Myrmicinae,Temnothorax,parvulus,Temnothorax sp,3,Lara & Caro,,
24-11017,20,2024,Formicidae,Myrmicinae,Temnothorax,parvulus,Temnothorax sp,3,Lara & Caro,,
24-11017,40,2024,Formicidae,Myrmicinae,Temnothorax,parvulus,Temnothorax sp,2,Lara & Caro,,
24-11018,0,2024,Formicidae,Myrmicinae,Temnothorax,parvulus,Temnothorax sp,2,Lara & Caro,,
24-11018,5,2024,Formicidae,Myrmicinae,Temnothorax,parvulus,Temnothorax sp,1,Lara & Caro,,
24-11018,10,2024,Formicidae,Myrmicinae,Temnothorax,parvulus,Temnothorax sp,5,Lara & Caro,,
24-11018,20,2024,Formicidae,Myrmicinae,Temnothorax,parvulus,Temnothorax sp,1,Lara & Caro,,
24-11018,40,2024,non-ant,,,,,1,Lara & Caro,Acari,
24-11018,40,2024,non-ant,,,,,1,Lara & Caro,Collembola,
24-11018,40,2024,non-ant,,,,,1,Lara & Caro,"Dont even know the order, not Ant I guess",
24-11018,40,2024,Formicidae,Myrmicinae,Temnothorax,parvulus,Temnothorax sp,6,Lara & Caro,,
24-11019,0,2024,Formicidae,Formicinae,Lasius,niger,L. niger,1,Lara & Caro,,
24-11019,10,2024,Formicidae,Formicinae,Lasius,niger,L. niger,1,Lara & Caro,,
24-11019,20,2024,Formicidae,Formicinae,Lasius,niger,L. niger,2,Lara & Caro,,
24-11019,40,2024,Formicidae,Formicinae,Lasius,niger,L. niger,6,Lara & Caro,,
24-11020,40,2024,Formicidae,Formicinae,Lasius,niger,L. niger,3,Lara & Caro,,
24-11021,20,2024,Formicidae,Myrmicinae,Stenamma,debile,S. debile,3,Lara & Caro,Re-checked by Julie and corrected to Stenamma debile. Definitely not the same species as in 24-11019,
24-11021,40,2024,Formicidae,Myrmicinae,Tetramorium,,Tetramorium sp,1,Lara & Caro,"Nelma: removed ID to species level, Tetramorium stays at genus level",
24-11021,40,2024,Formicidae,Myrmicinae,Stenamma,debile,S. debile,7,Julie & Caro,Re-checked by Julie and corrected to Stenamma debile. Definitely not the same species as in 24-11019,
24-11021,40,2024,Formicidae,Formicinae,Lasius,niger,L. niger,1,Lara & Caro,,
24-11022,10,2024,Formicidae,Formicinae,Lasius,niger,L. niger,2,Lara & Caro,,
24-11022,20,2024,Formicidae,Formicinae,Lasius,niger,L. niger,52,Lara & Caro,,
24-11022,40,2024,Formicidae,Formicinae,Lasius,niger,L. niger,33,Lara & Caro,,
24-11023,0,2024,Formicidae,Formicinae,Lasius,niger,L. niger,1,Lara & Caro,,
24-11023,10,2024,Formicidae,Myrmicinae,Stenamma,debile,S. debile,2,Lara & Caro,Re-checked by Julie and corrected to Stenamma debile,
24-11023,40,2024,Formicidae,Formicinae,Lasius,niger,L. niger,1,Lara & Caro,,
24-11023,40,2024,non-ant,,,,,2,Lara & Caro,Heteroptera,
24-11023,40,2024,Formicidae,Myrmicinae,Stenamma,debile,S. debile,106,Julie & Caro,Re-checked by Julie and corrected to Stenamma debile. Recount by Hiwis: 106 instead of 104,
24-11024,10,2024,Formicidae,Formicinae,Lasius,niger,L. niger,1,Lara & Caro,,
24-11024,10,2024,non-ant,,,,,1,Lara & Caro,parasitoid wasp,
24-11024,40,2024,Formicidae,Myrmicinae,Stenamma,debile,S. debile,21,Lara & Caro,"Nelma: needs re-checking, I did not find any Stenamma in my samples",
24-11025,0,2024,Formicidae,Formicinae,Lasius,niger,L. niger,1,Lara & Caro,"Corrected by Nelma, 24-11025-0 had 2 ants counted after freezing while 24-11029-0 had 0",
24-11025,0,2024,Formicidae,Myrmicinae,Temnothorax,parvulus,Temnothorax sp,1,Lara & Caro,"Corrected by Nelma, 24-11025-0 had 2 ants counted after freezing while 24-11029-0 had 0",
24-11025,5,2024,Formicidae,Formicinae,Lasius,niger,L. niger,1,Lara & Caro,,
24-11025,10,2024,Formicidae,Myrmicinae,Temnothorax,parvulus,Temnothorax sp,1,Lara & Caro,,
24-11025,10,2024,non-ant,,,,,1,Lara & Caro,Coleoptera,
24-11025,10,2024,Formicidae,Formicinae,Lasius,niger,L. niger,33,Lara & Caro,,
24-11025,20,2024,Formicidae,Formicinae,Lasius,niger,L. niger,34,Lara & Caro,,
24-11025,40,2024,Formicidae,Formicinae,Lasius,niger,L. niger,27,Lara & Caro,"Corrected by Nelma, 24-11025-40 had 28 ants counted after freezing while 24-11029-40 had 0",
24-11025,40,2024,Formicidae,Formicinae,Formica,rufibarbis,F. rufibarbis,1,Lara & Caro,"Corrected by Nelma, 24-11025-40 had 28 ants counted after freezing while 24-11029-40 had 0",
24-11026,5,2024,Formicidae,Formicinae,Lasius,niger,L. niger,16,Lara & Caro,,
24-11026,10,2024,Formicidae,Formicinae,Lasius,niger,L. niger,24,Lara & Caro,,
24-11026,20,2024,Formicidae,Formicinae,Lasius,niger,L. niger,80,Lara & Caro,,
24-11026,40,2024,Formicidae,Formicinae,Lasius,niger,L. niger,109,Lara & Caro,Hiwi recount: 109 instead of 105,
24-11026,40,2024,Formicidae,Myrmicinae,Temnothorax,parvulus,Temnothorax sp,1,Lara & Caro,,
24-11028,0,2024,Formicidae,Myrmicinae,Temnothorax,parvulus,Temnothorax sp,1,Lara & Caro,,
24-11028,5,2024,Formicidae,Myrmicinae,Temnothorax,parvulus,Temnothorax sp,1,Lara & Caro,,
24-11028,40,2024,Formicidae,Myrmicinae,Temnothorax,parvulus,Temnothorax sp,2,Lara & Caro,,
24-11029,10,2024,Formicidae,Myrmicinae,Temnothorax,parvulus,Temnothorax sp,1,Lara & Caro,,
24-11029,10,2024,non-ant,,,,,1,Lara & Caro,parasitoid wasp,
24-11029,20,2024,Formicidae,Formicinae,Lasius,niger,L. niger,1,Lara & Caro,,
24-11030,5,2024,Formicidae,Myrmicinae,Temnothorax,parvulus,Temnothorax sp,1,Lara & Caro,,
24-11030,20,2024,Formicidae,Formicinae,Formica,rufibarbis,F. rufibarbis,7,Lara & Caro,,
24-11030,40,2024,Formicidae,Formicinae,Formica,rufibarbis,F. rufibarbis,4,Lara & Caro,,
24-11031,5,2024,Formicidae,Formicinae,Lasius,niger,L. niger,2,Lara & Caro,,
24-11031,20,2024,Formicidae,Formicinae,Lasius,niger,L. niger,6,Lara & Caro,,
24-11031,40,2024,Formicidae,Myrmicinae,Temnothorax,parvulus,Temnothorax sp,1,Lara & Caro,,
24-11032,5,2024,Formicidae,Myrmicinae,Temnothorax,parvulus,Temnothorax sp,2,Lara & Caro,,
24-11032,10,2024,Formicidae,Myrmicinae,Temnothorax,parvulus,Temnothorax sp,9,Lara & Caro,Hiwi recount: 9 instead of 1,
24-11032,10,2024,Formicidae,Formicinae,Lasius,niger,L. niger,5,Lara & Caro,,
24-11032,20,2024,Formicidae,Formicinae,Lasius,niger,L. niger,5,Lara & Caro,,
24-11032,20,2024,Formicidae,Myrmicinae,Temnothorax,parvulus,Temnothorax sp,10,Lara & Caro,,
24-11032,40,2024,Formicidae,Formicinae,Lasius,niger,L. niger,6,Lara & Caro,,
24-11032,40,2024,Formicidae,Myrmicinae,Temnothorax,parvulus,Temnothorax sp,5,Lara & Caro,,
24-11033,5,2024,Formicidae,Myrmicinae,Temnothorax,parvulus,Temnothorax sp,3,Lara & Caro,,
24-11033,10,2024,Formicidae,Formicinae,Lasius,niger,L. niger,27,Lara & Caro,,
24-11033,20,2024,Formicidae,Formicinae,Lasius,niger,L. niger,33,Lara & Caro,,
24-11033,20,2024,Formicidae,Myrmicinae,Temnothorax,parvulus,Temnothorax sp,2,Lara & Caro,,
24-11033,40,2024,Formicidae,Formicinae,Lasius,niger,L. niger,42,Lara & Caro,Hiwi recount: 42 instead of 41,
24-11033,40,2024,Formicidae,Myrmicinae,Temnothorax,parvulus,Temnothorax sp,1,Lara & Caro,,
24-11034,5,2024,Formicidae,Myrmicinae,Myrmica ,sabuleti or scabrinodis or specioides,M. scabrinodis,1,Nelma,Prob. same sp as 24-11034-20 and 24-11034-10. scape lobe present but not super large,all hesitations between species of the scabrinodis species group are assigned as scabrinodis.
24-11034,10,2024,Formicidae,Myrmicinae,Myrmica ,sabuleti or scabrinodis or specioides,M. scabrinodis,1,Nelma,Prob. same sp as 24-11034-20 and 24-11034-5. scape lobe present but not super large,all hesitations between species of the scabrinodis species group are assigned as scabrinodis.
24-11034,20,2024,Formicidae,Myrmicinae,Myrmica ,sabuleti or scabrinodis or specioides,M. scabrinodis,9,Nelma,"Seifert key: could be sabuleti but scape lobe not super large, some ants are darker with a slightly larger lobe. Myrmica key: sabuleti or specioides or scabrinodis, can’t determine. Prob. same sp as 24-11034-10 and 24-11034-5",all hesitations between species of the scabrinodis species group are assigned as scabrinodis.
24-11035,20,2024,Formicidae,Formicinae,Lasius,emarginatus,L. emarginatus,1,Nelma,,
24-11035,20,2024,Formicidae,Myrmicinae,Tetramorium ,,Tetramorium sp,1,Nelma,,
24-11035,40,2024,Formicidae,Formicinae,Lasius,emarginatus,L. emarginatus,11,Nelma,,
24-11035,40,2024,non-ant,,,,,1,Nelma,,
24-11036,5,2024,Formicidae,Myrmicinae,Temnothorax ,,Temnothorax sp,1,Nelma,could be T. affinis but body color is a bit light,
24-11036,20,2024,Formicidae,Dolichoderinae,Dolichoderus ,quadripunctatus,D. quadripunctatus,1,Nelma,,
24-11038,0,2024,Formicidae,Myrmicinae,Temnothorax ,nylanderi or crassispinus,Temnothorax sp,1,Nelma,"looks similar to 24-11038-40, maybe a metanotal depression present, very faint",
24-11038,0,2024,non-ant,,,,,1,Nelma,,
24-11038,5,2024,Formicidae,Formicinae,Lasius,emarginatus,L. emarginatus,2,Nelma,,
24-11038,5,2024,non-ant,,,,,2,Nelma,"1 spider, 1 beetle",
24-11038,10,2024,Formicidae,Formicinae,Lasius,emarginatus,L. emarginatus,2,Nelma,,
24-11038,10,2024,non-ant,,,,,2,Nelma,"1 dismembered beetle, 1 fly",
24-11038,20,2024,Formicidae,Formicinae,Lasius,emarginatus,L. emarginatus,9,Nelma,,
24-11038,40,2024,Formicidae,Formicinae,Lasius,emarginatus,L. emarginatus,12,Nelma,,
24-11038,40,2024,Formicidae,Myrmicinae,Temnothorax ,,Temnothorax sp,1,Nelma,"unsure of presence of metanotal depression, if not could be albipennis, if yes maybe nylanderi",
24-11040,40,2024,Formicidae,Myrmicinae,Tetramorium ,,Tetramorium sp,2,Nelma,,
24-11043,5,2024,Formicidae,Formicinae,Lasius,niger,L. niger,2,Nelma,,
24-11043,40,2024,Formicidae,Myrmicinae,Tetramorium ,,Tetramorium sp,1,Nelma,,
24-11044,10,2024,Formicidae,Myrmicinae,Tetramorium ,,Tetramorium sp,1,Nelma,,
24-11045,10,2024,Formicidae,Formicinae,Lasius,niger,L. niger,2,Nelma,,
24-11045,40,2024,Formicidae,Myrmicinae,Tetramorium ,,Tetramorium sp,1,Nelma,,
24-11048,0,2024,Formicidae,Formicinae,Lasius,niger,L. niger,1,Nelma,,
24-11048,0,2024,Formicidae,Myrmicinae,Myrmica ,specioides,M. specioides,1,Nelma,"Seifert key: specioides. Myrmica key: specioides, could be scabrinodis",
24-11050,0,2024,Formicidae,Formicinae,Lasius,emarginatus,L. emarginatus,1,Nelma,,
24-11051,40,2024,Formicidae,Formicinae,Lasius,niger,L. niger,2,Nelma,"both: clypeus bristle a bit damaged, esp 1 of them",
24-11052,10,2024,Formicidae,Dolichoderinae,Dolichoderus ,quadripunctatus,D. quadripunctatus,1,Nelma,,
24-11052,20,2024,Formicidae,Myrmicinae,Myrmica ,rugulosa,M. rugulosa,1,Nelma,"very weird petiole, very swollen, round, abnormal",
24-11054,20,2024,Formicidae,Formicinae,Formica ,cunicularia,F. cunicularia,1,Nelma,,
24-11057,20,2024,Formicidae,Formicinae,Lasius,brunneus,L. brunneus,1,Nelma,,
24-11057,40,2024,Formicidae,Formicinae,Lasius,brunneus,L. brunneus,1,Nelma,,
24-11058,5,2024,Formicidae,Formicinae,Formica ,rufibarbis,F. rufibarbis,1,Nelma,,
24-11058,40,2024,Formicidae,Formicinae,Formica ,rufibarbis,F. rufibarbis,7,Nelma,"7 whole ants + 1 squished gaster, not counted. 5-6 ants with F. cunicularia colors, much darker mesosoma w/ red patches but on average ca 11 hairs on pronotum at least",
24-11062,10,2024,Formicidae,Myrmicinae,Temnothorax ,affinis,Temnothorax sp,1,Nelma,not very sure of identification,
24-11058,40,2024,non-ant,,,,,1,Nelma,,
24-11062,20,2024,Formicidae,Myrmicinae,Temnothorax ,affinis,Temnothorax sp,1,Nelma,not very sure of identification,
24-11062,10,2024,non-ant,,,,,1,Nelma,collembola,
24-11062,20,2024,Formicidae,Myrmicinae,Temnothorax ,nylanderi or crassispinus or parvulus,Temnothorax sp,1,Nelma,very unsure of identification,
24-11062,20,2024,non-ant,,,,,1,Nelma,"tick, in tube w/ T. affinis",
24-11063,0,2024,Formicidae,Formicinae,Lasius,niger,L. niger,1,Nelma,,
24-11063,10,2024,Formicidae,Formicinae,Lasius,niger,L. niger,22,Nelma,"1 w/ head detached, 1 w/ head + gaster detached",
24-11063,20,2024,Formicidae,Formicinae,Lasius,niger,L. niger,19,Nelma,"1 w/ head detached, 1 w/ gaster detached",
24-11064,5,2024,Formicidae,Formicinae,Lasius,niger,L. niger,35,Nelma,1 w/ head detached and squished gaster,
24-11064,10,2024,Formicidae,Formicinae,Lasius,niger,L. niger,2,Nelma,1 w/ slightly less hairy clypeus + damaged clypeus hairs,
24-11064,20,2024,Formicidae,Formicinae,Lasius,niger,L. niger,10,Nelma,"1 w/ slightly less hairy clypeus, 1w/ head + gaster detached",
24-11065,10,2024,Formicidae,Myrmicinae,Tetramorium ,,Tetramorium sp,12,Nelma,,
24-11065,20,2024,Formicidae,Myrmicinae,Tetramorium ,,Tetramorium sp,11,Nelma,,
24-11065,40,2024,Formicidae,Myrmicinae,Tetramorium ,,Tetramorium sp,20,Nelma,,
24-11066,40,2024,Formicidae,Formicinae,Lasius,niger,L. niger,3,Nelma,1 w/ damaged clypeus/mandibles,
24-11067,20,2024,Formicidae,Myrmicinae,Tetramorium ,,Tetramorium sp,19,Nelma,,
24-11067,40,2024,Formicidae,Myrmicinae,Tetramorium ,,Tetramorium sp,104,Nelma,"3 w/ gaster detached, 3 w/ head detached, 1 w/ head + gaster detached",
24-11068,10,2024,Formicidae,Myrmicinae,Tetramorium ,,Tetramorium sp,1,Nelma,,
24-11068,20,2024,Formicidae,Myrmicinae,Tetramorium ,,Tetramorium sp,3,Nelma,,
24-11068,40,2024,Formicidae,Myrmicinae,Tetramorium ,,Tetramorium sp,31,Nelma,3 w/ head detached,
24-11070,40,2024,Formicidae,Formicinae,Lasius,niger,L. niger,2,Nelma,,
24-11071,5,2024,Formicidae,Myrmicinae,Myrmica ,scabrinodis or specioides,M. scabrinodis,1,Nelma,,all hesitations between species of the scabrinodis species group are assigned as scabrinodis.
24-11071,10,2024,Formicidae,Myrmicinae,Tetramorium ,,Tetramorium sp,10,Nelma,,
24-11071,20,2024,Formicidae,Myrmicinae,Tetramorium ,,Tetramorium sp,88,Nelma,,
24-11071,40,2024,Formicidae,Myrmicinae,Temnothorax ,affinis,Temnothorax sp,1,Nelma,,
24-11072,5,2024,Formicidae,Myrmicinae,Temnothorax ,,Temnothorax sp,2,Nelma,"could be T. clypeatus but petiole is not huge, very unsure. Gaster coloration on both ants not exactly the same, 1 has end segments slightly darker",
24-11072,10,2024,Formicidae,Myrmicinae,Myrmecina ,graminicola,M. graminicola,1,Nelma,"rectangular petiole, characteristic protrusion on clypeus",
24-11072,40,2024,Formicidae,Formicinae,Formica ,rufibarbis,F. rufibarbis,1,Nelma,,
24-11074,0,2024,Formicidae,Formicinae,Lasius,emarginatus,L. emarginatus,1,Nelma,,
24-11074,5,2024,Formicidae,Myrmicinae,Temnothorax ,,Temnothorax sp,1,Nelma,could be T. clypeatus but unsure,
24-11074,10,2024,Formicidae,Formicinae,Lasius,emarginatus,L. emarginatus,4,Nelma,,
24-11074,20,2024,Formicidae,Formicinae,Lasius,emarginatus,L. emarginatus,19,Nelma,1 w/ detached head,
24-11074,20,2024,Formicidae,Myrmicinae,Myrmica ,scabrinodis or specioides,M. scabrinodis,1,Nelma,hesitation on criteria 9 of Seifert key,all hesitations between species of the scabrinodis species group are assigned as scabrinodis.
24-11075,5,2024,Formicidae,Formicinae,Lasius,niger,L. niger,5,Nelma,"1 w/ less hairy clypeus, maybe platythorax ? other 2 very clearly L. niger",
24-11075,10,2024,Formicidae,Formicinae,Lasius,niger,L. niger,3,Nelma,,
24-11075,20,2024,Formicidae,Formicinae,Lasius,niger,L. niger,4,Nelma,,
24-11075,40,2024,Formicidae,Formicinae,Lasius,niger,L. niger,31,Nelma,,
24-11076,5,2024,Formicidae,Formicinae,Lasius,niger,L. niger,1,Nelma,,
24-11076,10,2024,Formicidae,Formicinae,Formica ,rufibarbis,F. rufibarbis,1,Nelma,,
24-11076,10,2024,Formicidae,Formicinae,Lasius,niger,L. niger,1,Nelma,,
24-11076,20,2024,Formicidae,Formicinae,Formica ,rufibarbis,F. rufibarbis,2,Nelma,both w/ head detached,
24-11076,20,2024,Formicidae,Myrmicinae,Myrmica ,rugulosa,M. rugulosa,1,Nelma,,
24-11077,5,2024,Formicidae,Formicinae,Lasius,niger,L. niger,3,Nelma,"1 w/ less hairy clypeus, maybe platythorax ? other 2 very clearly L. niger",
24-11077,20,2024,Formicidae,Formicinae,Lasius,niger,L. niger,9,Nelma,,
24-11077,20,2024,Formicidae,Formicinae,Formica ,cunicularia,F. cunicularia,2,Nelma,,
24-11077,20,2024,Formicidae,Myrmicinae,Myrmica ,rugulosa,M. rugulosa,3,Nelma,"1 has a strange petiole, spiky",
24-11077,40,2024,Formicidae,Formicinae,Lasius,niger,L. niger,45,Nelma,1 w/ gaster detached,
24-11078,5,2024,Formicidae,Formicinae,Lasius,emarginatus,L. emarginatus,2,Nelma,,
24-11078,10,2024,Formicidae,Formicinae,Lasius,emarginatus,L. emarginatus,7,Nelma,1 w/ head + gaster detached,
24-11078,10,2024,non-ant,,,,,1,Nelma,centipede,
24-11078,20,2024,Formicidae,Formicinae,Lasius,emarginatus,L. emarginatus,4,Nelma,,
24-11078,20,2024,non-ant,,,,,2,Nelma,"spider + tick, in tube w/ Myrmica",
24-11078,20,2024,Formicidae,Myrmicinae,Myrmica ,scabrinodis or specioides,M. scabrinodis,1,Nelma,,all hesitations between species of the scabrinodis species group are assigned as scabrinodis.
24-11078,40,2024,Formicidae,Formicinae,Lasius,emarginatus,L. emarginatus,1,Nelma,,
24-11078,40,2024,Formicidae,Myrmicinae,Myrmica ,scabrinodis or specioides,M. scabrinodis,3,Nelma,same hesitation with Seifert key and Myrmica key,all hesitations between species of the scabrinodis species group are assigned as scabrinodis.
24-11079,0,2024,Formicidae,Myrmicinae,Tetramorium ,,Tetramorium sp,4,Nelma,,
24-11079,5,2024,Formicidae,Formicinae,Formica ,rufibarbis,F. rufibarbis,1,Nelma,,
24-11079,5,2024,Formicidae,Myrmicinae,Tetramorium ,,Tetramorium sp,1,Nelma,,
24-11079,10,2024,Formicidae,Myrmicinae,Tetramorium ,,Tetramorium sp,2,Nelma,,
24-11079,20,2024,Formicidae,Myrmicinae,Tetramorium ,,Tetramorium sp,40,Nelma,"1 ant w/ gaster detached, 1 w/ head + gaster detached",
24-11079,40,2024,Formicidae,Formicinae,Formica ,rufibarbis,F. rufibarbis,3,Nelma,,
24-11079,40,2024,Formicidae,Myrmicinae,Tetramorium ,,Tetramorium sp,22,Nelma,,
24-11080,5,2024,Formicidae,Formicinae,Formica ,rufibarbis,F. rufibarbis,1,Nelma,,
24-11080,10,2024,Formicidae,Formicinae,Formica ,rufibarbis,F. rufibarbis,1,Nelma,,
24-11080,40,2024,Formicidae,Myrmicinae,Tetramorium ,,Tetramorium sp,2,Nelma,,
24-11080,40,2024,Formicidae,Formicinae,Formica ,rufibarbis,F. rufibarbis,1,Nelma,,
24-11081,40,2024,Formicidae,Formicinae,Lasius,niger,L. niger,7,Nelma,,
24-11082,10,2024,Formicidae,Myrmicinae,Tetramorium ,,Tetramorium sp,3,Nelma,,
24-11082,40,2024,Formicidae,Formicinae,Formica ,rufibarbis,F. rufibarbis,2,Nelma,,
24-11085,20,2024,Formicidae,Myrmicinae,Tetramorium ,,Tetramorium sp,2,Nelma,,
24-11085,40,2024,Formicidae,Myrmicinae,Tetramorium ,,Tetramorium sp,1,Nelma,,
24-11090,40,2024,Formicidae,Formicinae,Lasius,niger,L. niger,1,Nelma,,
24-11091,0,2024,Formicidae,Formicinae,Lasius,niger,L. niger,1,Nelma,,
24-11091,10,2024,Formicidae,Formicinae,Lasius,niger,L. niger,1,Nelma,,
24-11091,20,2024,Formicidae,Formicinae,Lasius,niger,L. niger,1,Nelma,,
24-11091,40,2024,Formicidae,Formicinae,Lasius,niger,L. niger,38,Nelma,,
24-11094,5,2024,Formicidae,Formicinae,Lasius,niger,L. niger,1,Nelma,,
24-11094,20,2024,Formicidae,Formicinae,Lasius,niger,L. niger,1,Nelma,,
24-11094,40,2024,Formicidae,Formicinae,Lasius,niger,L. niger,4,Nelma,"2 w/ less hairs on clypeus, hesitated w/ L. platythorax (1 ind. in bad condition)",
24-11095,20,2024,Formicidae,Formicinae,Lasius,emarginatus,L. emarginatus,12,Nelma,,
24-11095,40,2024,Formicidae,Myrmicinae,Myrmica ,specioides,M. specioides,1,Nelma,"Seifert key: criteria 9 unsure, if 9a then scabrinodis, if b then specioides. b more likely, petiole profile more rounded",
24-11096,0,2024,Formicidae,Myrmicinae,Myrmica ,rugulosa,M. rugulosa,1,Nelma,,
24-11096,5,2024,Formicidae,Myrmicinae,Myrmica ,rugulosa,M. rugulosa,1,Nelma,,
24-11096,20,2024,Formicidae,Myrmicinae,Myrmica ,rugulosa,M. rugulosa,1,Nelma,,
24-11096,20,2024,Formicidae,Myrmicinae,Myrmica ,sabuleti,M. sabuleti,1,Nelma,,
24-11096,40,2024,Formicidae,Myrmicinae,Myrmica ,rugulosa,M. rugulosa,6,Nelma,,
24-11096,40,2024,Formicidae,Myrmicinae,Myrmica ,specioides,M. specioides,1,Nelma,no clear dorsal carina,
24-11097,5,2024,Formicidae,Formicinae,Formica,rufibarbis,F. rufibarbis,1,Nelma,forgot to write it in lab book!,
24-11097,10,2024,Formicidae,Formicinae,Formica ,fusca,F. fusca,1,Nelma,,
24-11097,40,2024,Formicidae,Formicinae,Formica ,rufibarbis,F. rufibarbis,1,Nelma,,
24-11098,5,2024,Formicidae,Myrmicinae,Temnothorax ,nylanderi,Temnothorax sp,1,Nelma,"all gaster segments with dark patches, spines short and not erect",
24-11098,5,2024,Formicidae,Myrmicinae,Temnothorax ,luteus,Temnothorax sp,1,Nelma,"no metanotal depression. T. luteus not in Germany on antmaps, but it really looks like there’s no metanotal depression, other criteria fit",
24-11098,10,2024,Formicidae,Myrmicinae,Temnothorax ,parvulus,Temnothorax sp,1,Nelma,"Delachaux key: maybe more T. nylanderi, hard to say. Seifert key: weak metanotal depression, dark band on caudal end of 1st tergite",
24-11098,10,2024,Formicidae,Formicinae,Lasius,emarginatus,L. emarginatus,2,Nelma,,
24-11098,10,2024,Formicidae,Myrmicinae,Myrmica ,rugulosa,M. rugulosa,4,Nelma,,
24-11098,20,2024,Formicidae,Myrmicinae,Myrmica ,rugulosa,M. rugulosa,3,Nelma,,
24-11098,20,2024,Formicidae,Formicinae,Lasius,emarginatus,L. emarginatus,39,Nelma,,
24-11098,40,2024,Formicidae,Myrmicinae,Myrmica ,rugulosa,M. rugulosa,3,Nelma,,
24-11098,40,2024,Formicidae,Formicinae,Lasius,emarginatus,L. emarginatus,10,Nelma,"Hiwi recount, 10 instead of 9",
24-11099,5,2024,Formicidae,Myrmicinae,Myrmica ,specioides,M. specioides,1,Nelma,"with Myrmica key, on step 28 tibia hairs not very short, could be scabrinodis but specioides seems more likely",
24-11099,10,2024,Formicidae,Myrmicinae,Myrmica ,sabuleti,M. sabuleti,26,Nelma,"Myrmica key leads to sabuleti, for Seifert key either sabuleti or scabrinodis depending on criteria 9. sculpture on petiole strong, linear, mesosoma sculpture ~ reticulate",
24-11099,20,2024,Formicidae,Myrmicinae,Myrmica ,sabuleti,M. sabuleti,4,Nelma,used AntWiki Myrmica key,
24-11099,40,2024,Formicidae,Myrmicinae,Myrmica ,sabuleti,M. sabuleti,3,Nelma,"used AntWiki and Seifert key, both lead to sabuleti",
24-11100,0,2024,Formicidae,Formicinae,Lasius,niger,L. niger,1,Nelma,,
24-11100,0,2024,Formicidae,Myrmicinae,Myrmica ,ruginodis,M. ruginodis,1,Nelma,,
24-11100,5,2024,Formicidae,Formicinae,Lasius,brunneus,L. brunneus,1,Nelma,,
24-11100,5,2024,non-ant,,,,,1,Nelma,"parasitoid wasp, in tube w/ L. brunneus",
24-11100,5,2024,Formicidae,Myrmicinae,Myrmica ,ruginodis,M. ruginodis,1,Nelma,,
24-11100,5,2024,Formicidae,Myrmicinae,Myrmica ,rubra,M. rubra,1,Nelma,,
24-11100,5,2024,Formicidae,Myrmicinae,Myrmica ,specioides or scabrinodis or vandeli,M. scabrinodis,4,Nelma,,all hesitations between species of the scabrinodis species group are assigned as scabrinodis.
24-11100,10,2024,Formicidae,Myrmicinae,Myrmica ,rubra,M. rubra,7,Nelma,"bent scape, round petiole, short spines, weak sculpture",
24-11100,10,2024,non-ant,,,,,3,Nelma,"springtails, in tube w/ Myrmica sp unknown",
24-11100,10,2024,Formicidae,Myrmicinae,Myrmica ,ruginodis,M. ruginodis,4,Nelma,"bent scape, square petiole, long spines, rough sculpture",
24-11100,10,2024,Formicidae,Myrmicinae,Myrmica ,scabrinodis or vandeli,M. scabrinodis,1,Nelma,"angled scape, petiolar profile with angle in direction of head",all hesitations between species of the scabrinodis species group are assigned as scabrinodis.
24-11100,20,2024,Formicidae,Formicinae,Lasius,brunneus,L. brunneus,62,Nelma,2 ants w/ detached gaster,
24-11100,20,2024,Formicidae,Myrmicinae,Myrmica ,scabrinodis or vandeli or specioides,M. scabrinodis,23,Nelma,"could be specioides, but petiole more linear with angular step, frontal carinae not very close, either vandeli or scabrinodis",all hesitations between species of the scabrinodis species group are assigned as scabrinodis.
24-11100,20,2024,Formicidae,Myrmicinae,Myrmica ,ruginodis,M. ruginodis,9,Nelma,,
24-11100,20,2024,Formicidae,Myrmicinae,Myrmica ,rubra,M. rubra,1,Nelma,,
24-11100,20,2024,Formicidae,Myrmicinae,Myrmica ,,M. scabrinodis,8,Nelma,"unsure of species, angled base of scape, maybe specioides ?",all hesitations between species of the scabrinodis species group are assigned as scabrinodis.
24-11100,40,2024,Formicidae,Myrmicinae,Myrmica ,ruginodis,M. ruginodis,3,Nelma,"weak angle in scape, long spines, rough sculpture",
24-11100,40,2024,Formicidae,Myrmicinae,Myrmica ,,M. scabrinodis,4,Nelma,"angled scape, could be specioides? scabrinodis? vandeli?",all hesitations between species of the scabrinodis species group are assigned as scabrinodis.
24-11100,40,2024,Formicidae,Formicinae,Lasius,brunneus,L. brunneus,17,Nelma,1 w/ gaster detached,
24-11101,10,2024,Formicidae,Myrmicinae,Myrmica ,specioides,M. specioides,12,Nelma,"dorsal carina weaker than caudal, petiole more round",
24-11101,20,2024,Formicidae,Myrmicinae,Myrmica ,scabrinodis or specioides,M. scabrinodis,1,Nelma,"Alate queen, unsure whether scabrinodis or specioides",all hesitations between species of the scabrinodis species group are assigned as scabrinodis.
24-11101,20,2024,Formicidae,Myrmicinae,Myrmica ,scabrinodis or specioides,M. scabrinodis,37,Nelma,"1 ant w/ gaster detached, scabrinodis or specioides (maybe more specioides, petiole not w/ linear profile)",all hesitations between species of the scabrinodis species group are assigned as scabrinodis.
24-11101,40,2024,Formicidae,Myrmicinae,Myrmica ,scabrinodis or specioides,M. scabrinodis,3,Nelma,"or M. specioides. base of scape: caudal carina ~ equal to dorsal carina, directed caudad, not a big lobe",all hesitations between species of the scabrinodis species group are assigned as scabrinodis.
24-11102,5,2024,Formicidae,Myrmicinae,Temnothorax ,,Temnothorax sp,2,Nelma,looks like same species as 24-11102-20 & -10,
24-11102,5,2024,non-ant,,,,,4,Nelma,springtails,
24-11102,10,2024,Formicidae,Myrmicinae,Temnothorax ,,Temnothorax sp,4,Nelma,"1 w/ detached gaster, seems same species as 24-11102-20",
24-11102,10,2024,non-ant,,,,,16,Nelma,springtails,
24-11102,20,2024,Formicidae,Myrmicinae,Temnothorax ,,Temnothorax sp,5,Nelma,could be T. nylanderi or crassispinus? or clypeatus? very weak metanotal depression,
24-11102,20,2024,non-ant,,,,,5,Nelma,"4 springtails, 1 parasitoid wasp",
24-11102,40,2024,Formicidae,Myrmicinae,Temnothorax ,,Temnothorax sp,16,Nelma,could not figure species out,
24-11102,40,2024,non-ant,,,,,1,Nelma,"collembola, in tube with temnothorax",
24-11103,40,2024,Formicidae,Formicinae,Lasius,niger,L. niger,2,Nelma,,
24-11104,5,2024,Formicidae,Dolichoderinae,Dolichoderus ,quadripunctatus,D. quadripunctatus,1,Nelma,"queen, clear 4 white dots, large thorax",
24-11104,40,2024,Formicidae,Formicinae,Lasius,niger,L. niger,1,Nelma,,
24-11105,5,2024,Formicidae,Formicinae,Lasius,niger,L. niger,1,Nelma,"very hairy, good reference for L. niger",
24-11106,40,2024,Formicidae,Formicinae,Formica ,rufibarbis,F. rufibarbis,1,Nelma,,
24-11107,20,2024,Formicidae,Formicinae,Formica ,rufibarbis,F. rufibarbis,2,Nelma,,
24-11107,5,2024,non-ant,,,,,1,Nelma,"tiny, probably parasitoid wasp",
24-11107,20,2024,Formicidae,Myrmicinae,Myrmica ,rugulosa,M. rugulosa,1,Nelma,,
24-11107,40,2024,Formicidae,Myrmicinae,Tetramorium ,,Tetramorium sp,1,Nelma,,
24-11108,0,2024,Formicidae,Formicinae,Formica ,rufibarbis,F. rufibarbis,1,Nelma,"only 6-7 setae on pronotum, some dark patches on mesosoma, clearly defined red patches on genae, could be F. cunicularia",
24-11108,0,2024,Formicidae,Formicinae,Lasius,brunneus,L. brunneus,6,Nelma,,
24-11108,0,2024,non-ant,,,,,1,Nelma,"tick, in tube with Formica",
24-11108,0,2024,Formicidae,Dolichoderinae,Dolichoderus ,quadripunctatus,D. quadripunctatus,1,Nelma,"Dealate queen, thick mesosoma and large eyes. only 2 white dots visible on gaster",
24-11108,5,2024,Formicidae,Formicinae,Lasius,brunneus,L. brunneus,2,Nelma,,
24-11108,5,2024,Formicidae,Formicinae,Formica ,rufibarbis,F. rufibarbis,1,Nelma,,
24-11108,10,2024,Formicidae,Formicinae,Formica ,rufibarbis,F. rufibarbis,4,Nelma,"not a ton of hair on pronotum, dark patches on mesosoma + clear red patch on genae => could be cunicularia BUT on average > 6 setae on pronotum",
24-11108,10,2024,Formicidae,Formicinae,Lasius,brunneus,L. brunneus,1,Nelma,,
24-11108,10,2024,non-ant,,,,,1,Nelma,in tube with L. brunneus,
24-11108,20,2024,Formicidae,Formicinae,Formica ,rufibarbis,F. rufibarbis,2,Nelma,,
24-11108,20,2024,Formicidae,Formicinae,Lasius,brunneus,L. brunneus,69,Nelma,,
24-11108,40,2024,Formicidae,Formicinae,Lasius,brunneus,L. brunneus,226,Nelma,,
24-11109,5,2024,Formicidae,Formicinae,Lasius,niger,L. niger,1,Nelma,"scapes and genae not the most hairy, maybe could be L. alienus or psammophilus",
24-11109,20,2024,Formicidae,Formicinae,Lasius,niger,L. niger,9,Nelma,"scapes and genae not the most hairy, maybe could be L. alienus or psammophilus",
24-11109,5,2024,non-ant,,,,,4,Nelma,collembola,
24-11110,5,2024,Formicidae,Formicinae,Formica ,rufibarbis,F. rufibarbis,1,Nelma,,
24-11110,10,2024,Formicidae,Formicinae,Formica ,rufibarbis,F. rufibarbis,1,Nelma,,
24-11110,10,2024,Formicidae,Formicinae,Lasius,niger,L. niger,1,Nelma,,
24-11110,10,2024,Formicidae,Myrmicinae,Myrmica ,specioides,M. specioides,2,Nelma,,
24-11110,20,2024,Formicidae,Formicinae,Formica ,rufibarbis,F. rufibarbis,5,Nelma,"1 ant with less hairs on pronotum, but still at least 6-7 seen from profile",
24-11110,20,2024,Formicidae,Myrmicinae,Tetramorium ,,Tetramorium sp,10,Nelma,1 w/ gaster detached,
24-11110,40,2024,Formicidae,Formicinae,Formica ,clara,F. clara,1,Nelma,"Pronotum less hairy than other Formica in same exp, mesosoma less red. whole genae red, not clearly demarcated patches but dark patches on mesosoma, could be cunicularia ?",
24-11110,40,2024,Formicidae,Formicinae,Formica ,rufibarbis,F. rufibarbis,3,Nelma,,
24-11110,40,2024,Formicidae,Myrmicinae,Myrmica ,specioides,M. specioides,1,Nelma,had a hard time with identification,
24-11110,40,2024,Formicidae,Myrmicinae,Tetramorium ,,Tetramorium sp,30,Nelma,,